model,num_train_samples,num_train_feats,mr,mrr,1,5,10,100
BoP_All,20086,834,131.55882352941177,0.20926829128126143,0.14705882352941177,0.23529411764705882,0.38235294117647056,0.6470588235294118
