Rank,Drug_CUI,Score,Drug_name
1,C0025887,0.32292,Mexiletine
2,C0246631,0.32292,Remifentanil
3,C0033487,0.28704,Propofol
4,C0001927,0.25116,Salbutamol
5,C0016365,0.21528,Fluoxetine
6,C0074414,0.1794,Sevoflurane
7,C0002598,0.14352,Amiodarone
8,C0014479,0.10764,Ephedrine
9,C0066677,0.07176,Modafinil
10,C0022180,0.03588,Isoflurane
