Rank,Drug_CUI,Score,Drug_name
1,C0017797,0.32292,L-Glutamine
2,C0095278,0.32292,Epalrestat
3,C0037494,0.28704,Sodium chloride
4,C0003765,0.25116,Arginine
5,C0041485,0.21528,Tyrosine
6,C0055568,0.1794,Cholic Acid
7,C0087163,0.14352,Levocarnitine
8,C0024337,0.10764,L-Lysine
9,C0054836,0.07176,Carvedilol
10,C0017890,0.03588,Glycine
